Description,Type,ID,Manufacturer,Viscosity,Count
Baldwin Filter (Cruze),Air Filter,PA10062,BALDWIN,,1
Baldwin Filter (Abbey’s Nissan),Air Filter,PA4018,BALDWIN,,1
Baldwin Filter (Infinity),Air Filter,PA4443,BALDWIN,,2
NAPA Gold Filter,Air Filter,6174,NAPA,,1
NAPA Gold Filter,Air Filter,6253,NAPA,,1
Wix Air Filter,Air Filter,49073,NAPA,,1
NAPA Gold Filter,Air Filter,200718,NAPA,,1
Wix Premium Filter (Bobcat),Air Filter,42222,WIX,,1
Wix Air filter,Air Filter,42725,WIX,,1
Wix air filter,Air Filter,49020,WIX,,1
NAPA Enviro Shield Cabin Air Filter,Air Filter (Cabin),4313,NAPA,,1
NAPA Enviro Shield Cabin Air Filter,Air Filter (Cabin),4857,NAPA,,1
Lucas oil,Oil,10082,LUCAS OIL,,
Lucas High performance motorcycle oil Synthetic,Oil,,LUCAS OIL,10W-30,
Lucas Oil SAE 15W-40 Magnum Long Drain HD Motor Oil High temp CI-4,Oil,,LUCAS OIL,15W-40,
Lucas Oil SAE 15W-40 Magnum Long Drain HD Motor Oil High temp CJ-4,Oil,,LUCAS OIL,15W-40,
Lucas SAE 15W-40 Magnum Long Drain HD Motor Oil Synthetic CJ-4,Oil,,LUCAS OIL,15W-40,
Lucas Synthetic SAE 5W-20 API SN PLUS MOTOR OIL,Oil,,LUCAS OIL,5W-2O,
Mobil 1 Advance Full Synthetic,Oil,,MOBIL 1,5W-20,
EURO L FULL SYNTHETIC SAE 5W-30,Oil,,PENNZOIL,5W-30,
Total Quartz INEO LONG LIFE SAE 5W-30 Synthetic,Oil,,TOTAL,5W-30,
Baldwin Oil Filter,Oil Filter,B33,BALDWIN,,1
NAPA Gold Oil Filter (Kubota),Oil Filter,1064,NAPA,,1
NAPA Gold Oil Filter,Oil Filter,1348,NAPA,,1
NAPA Gold Oil Filter,Oil Filter,1361,NAPA,,1
NAPA Gold Oil Filter,Oil Filter,1394,NAPA,,1
NAPA Gold Oil Filter (Boat),Oil Filter,3226,,,1
NAPA Gold Oil Filter (Forklift),Oil Filter,7181,NAPA,,1
Item,Oil Filter,1010,,,1
Item,Oil Filter,1068,,,1
Item,Oil Filter,1344,,,1
Item,Oil Filter,1372,,,1
Item,Oil Filter,6449,,,1
Item,Oil Filter,7083,,,1
Item,Oil Filter,51348,,,1
Item,Oil Filter,57262,,,1
Item,Oil Filter,100331,,,1
Item,Oil Filter,57060XP,,,1
Item,Oil Filter,B1441,,,1
Item,Oil Filter,D346,,,1
Item,Oil Filter,PF46126,,,1
Item,Oil Filter,TG16,,,1
